"3000113","400113","1","50113 ","9"
"3000116","400116","1","50116 ","9"
"3000119","400119","1","50119 ","9"
"3000125","400125","1","50125 ","9"
"3000129","400129","1","50129 ","9"
"3000131","400131","1","50131 ","9"
"3000137","400137","1","50137 ","9"
"3000146","400146","1","50146 ","9"
"3000153","400153","1","50153 ","9"
"3000168","400168","1","50168 ","9"
"3000191","400191","1","50191 ","9"
"3000192","400192","1","50192 ","9"
"3000196","400196","1","50196 ","9"
"3000396","400396","1","50396 ","9"
"3000406","400406","1","50406 ","9"
"3000413","400413","1","50413 ","9"
"3000420","400420","1","50420 ","9"
"3000436","400436","1","50436 ","9"
"3000437","400437","1","50437 ","9"
"3000439","400439","1","50439 ","9"
"3000448","400448","1","50448 ","9"
"3000450","400450","1","50450 ","9"
"3000466","400466","1","50466 ","9"
"3000467","400467","1","50467 ","9"
"3000491","400491","1","50491 ","9"
"3000212","400212","1","50212 ","9"
"3000214","400214","1","50214 ","9"
"3000221","400221","1","50221 ","9"
"3000234","400234","1","50234 ","9"
"3000245","400245","1","50245 ","9"
"3000254","400254","1","50254 ","9"
"3000258","400258","1","50258 ","9"
"3000262","400262","1","50262 ","9"
"3000274","400274","1","50274 ","9"
"3000277","400277","1","50277 ","9"
"3000300","400300","1","50300 ","9"
"3000314","400314","1","50314 ","9"
"3000319","400319","1","50319 ","9"
"3000325","400325","1","50325 ","9"
"3000341","400341","1","50341 ","9"
"3000346","400346","1","50346 ","9"
"3000352","400352","1","50352 ","9"
"3000363","400363","1","50363 ","9"
"3000374","400374","1","50374 ","9"
"3000377","400377","1","50377 ","9"
"3000383","400383","1","50383 ","9"
"3000384","400384","1","50384 ","9"
"3000024","400024","1","50024 ","9"
"3000025","400025","1","50025 ","9"
"3000037","400037","1","50037 ","9"
"3000043","400043","1","50043 ","9"
"3000050","400050","1","50050 ","9"
"3000052","400052","1","50052 ","9"
"3000066","400066","1","50066 ","9"
"3000080","400080","1","50080 ","9"
"3000081","400081","1","50081 ","9"
"3000084","400084","1","50084 ","9"
"3000797","400797","1","50797 ","9"
"3000801","400801","1","50801 ","9"
"3000802","400802","1","50802 ","9"
"3000806","400806","1","50806 ","9"
"3000813","400813","1","50813 ","9"
"3000816","400816","1","50816 ","9"
"3000819","400819","1","50819 ","9"
"3000834","400834","1","50834 ","9"
"3000839","400839","1","50839 ","9"
"3000857","400857","1","50857 ","9"
"3000865","400865","1","50865 ","9"
"3000871","400871","1","50871 ","9"
"3000872","400872","1","50872 ","9"
"3000881","400881","1","50881 ","9"
"3000882","400882","1","50882 ","9"
"3001188","400188","1","51188 ","9"
"3001192","400192","1","51192 ","9"
"3001196","400196","1","51196 ","9"
"3001199","400199","1","51199 ","9"
"3001216","400216","1","51216 ","9"
"3001231","400231","1","51231 ","9"
"3001236","400236","1","51236 ","9"
"3001240","400240","1","51240 ","9"
"3001241","400241","1","51241 ","9"
"3001245","400245","1","51245 ","9"
"3001248","400248","1","51248 ","9"
"3001253","400253","1","51253 ","9"
"3001263","400263","1","51263 ","9"
"3001266","400266","1","51266 ","9"
"3001267","400267","1","51267 ","9"
"3001268","400268","1","51268 ","9"
"3001269","400269","1","51269 ","9"
"3001271","400271","1","51271 ","9"
"3001280","400280","1","51280 ","9"
"3000894","400894","1","50894 ","9"
"3000907","400907","1","50907 ","9"
"3000911","400911","1","50911 ","9"
"3000928","400928","1","50928 ","9"
"3000935","400935","1","50935 ","9"
"3000939","400939","1","50939 ","9"
"3000946","400946","1","50946 ","9"
"3000951","400951","1","50951 ","9"
"3000954","400954","1","50954 ","9"
"3000957","400957","1","50957 ","9"
"3000960","400960","1","50960 ","9"
"3000997","400997","1","50997 ","9"
"3001012","400012","1","51012 ","9"
"3001022","400022","1","51022 ","9"
"3001027","400027","1","51027 ","9"
"3001039","400039","1","51039 ","9"
"3001041","400041","1","51041 ","9"
"3001049","400049","1","51049 ","9"
"3001052","400052","1","51052 ","9"
"3001073","400073","1","51073 ","9"
"3001078","400078","1","51078 ","9"
"3001098","400098","1","51098 ","9"
"3001115","400115","1","51115 ","9"
"3001126","400126","1","51126 ","9"
"3001131","400131","1","51131 ","9"
"3001134","400134","1","51134 ","9"
"3001136","400136","1","51136 ","9"
"3001154","400154","1","51154 ","9"
"3001165","400165","1","51165 ","9"
"3001166","400166","1","51166 ","9"
"3001168","400168","1","51168 ","9"
"3001169","400169","1","51169 ","9"
"3001171","400171","1","51171 ","9"
"3001185","400185","1","51185 ","9"
"3000495","400495","1","50495 ","9"
"3000496","400496","1","50496 ","9"
"3000497","400497","1","50497 ","9"
"3000506","400506","1","50506 ","9"
"3000518","400518","1","50518 ","9"
"3000519","400519","1","50519 ","9"
"3000538","400538","1","50538 ","9"
"3000567","400567","1","50567 ","9"
"3000580","400580","1","50580 ","9"
"3000581","400581","1","50581 ","9"
"3000590","400590","1","50590 ","9"
"3000603","400603","1","50603 ","9"
"3000621","400621","1","50621 ","9"
"3000638","400638","1","50638 ","9"
"3000641","400641","1","50641 ","9"
"3000644","400644","1","50644 ","9"
"3000652","400652","1","50652 ","9"
"3000657","400657","1","50657 ","9"
"3000659","400659","1","50659 ","9"
"3000676","400676","1","50676 ","9"
"3000682","400682","1","50682 ","9"
"3000683","400683","1","50683 ","9"
"3000686","400686","1","50686 ","9"
"3000690","400690","1","50690 ","9"
"3000709","400709","1","50709 ","9"
"3000710","400710","1","50710 ","9"
"3000715","400715","1","50715 ","9"
"3000718","400718","1","50718 ","9"
"3000745","400745","1","50745 ","9"
"3000751","400751","1","50751 ","9"
"3000756","400756","1","50756 ","9"
"3000772","400772","1","50772 ","9"
"3000781","400781","1","50781 ","9"
"3001885","400885","1","51885 ","9"
"3001890","400890","1","51890 ","9"
"3001894","400894","1","51894 ","9"
"3001898","400898","1","51898 ","9"
"3001901","400901","1","51901 ","9"
"3001905","400905","1","51905 ","9"
"3001926","400926","1","51926 ","9"
"3001929","400929","1","51929 ","9"
"3001937","400937","1","51937 ","9"
"3001941","400941","1","51941 ","9"
"3001952","400952","1","51952 ","9"
"3001968","400968","1","51968 ","9"
"3001291","400291","1","51291 ","9"
"3001300","400300","1","51300 ","9"
"3001312","400312","1","51312 ","9"
"3001333","400333","1","51333 ","9"
"3001335","400335","1","51335 ","9"
"3001354","400354","1","51354 ","9"
"3001357","400357","1","51357 ","9"
"3001361","400361","1","51361 ","9"
"3001363","400363","1","51363 ","9"
"3001369","400369","1","51369 ","9"
"3001375","400375","1","51375 ","9"
"3001377","400377","1","51377 ","9"
"3001390","400390","1","51390 ","9"
"3001393","400393","1","51393 ","9"
"3001405","400405","1","51405 ","9"
"3001410","400410","1","51410 ","9"
"3001427","400427","1","51427 ","9"
"3001434","400434","1","51434 ","9"
"3001435","400435","1","51435 ","9"
"3001439","400439","1","51439 ","9"
"3001454","400454","1","51454 ","9"
"3001457","400457","1","51457 ","9"
"3001462","400462","1","51462 ","9"
"3001464","400464","1","51464 ","9"
"3001471","400471","1","51471 ","9"
"3001481","400481","1","51481 ","9"
"3001485","400485","1","51485 ","9"
"3001487","400487","1","51487 ","9"
"3001491","400491","1","51491 ","9"
"3001505","400505","1","51505 ","9"
"3001506","400506","1","51506 ","9"
"3001509","400509","1","51509 ","9"
"3001512","400512","1","51512 ","9"
"3001516","400516","1","51516 ","9"
"3001533","400533","1","51533 ","9"
"3001541","400541","1","51541 ","9"
"3001545","400545","1","51545 ","9"
"3001546","400546","1","51546 ","9"
"3001548","400548","1","51548 ","9"
"3001560","400560","1","51560 ","9"
"3001574","400574","1","51574 ","9"
"3001582","400582","1","51582 ","9"
"3001586","400586","1","51586 ","9"
"3001590","400590","1","51590 ","9"
"3001593","400593","1","51593 ","9"
"3001596","400596","1","51596 ","9"
"3001609","400609","1","51609 ","9"
"3001610","400610","1","51610 ","9"
"3001612","400612","1","51612 ","9"
"3001621","400621","1","51621 ","9"
"3001633","400633","1","51633 ","9"
"3001639","400639","1","51639 ","9"
"3001644","400644","1","51644 ","9"
"3001647","400647","1","51647 ","9"
"3001672","400672","1","51672 ","9"
"3001681","400681","1","51681 ","9"
"3001688","400688","1","51688 ","9"
"3001698","400698","1","51698 ","9"
"3001700","400700","1","51700 ","9"
"3001706","400706","1","51706 ","9"
"3001712","400712","1","51712 ","9"
"3001737","400737","1","51737 ","9"
"3001751","400751","1","51751 ","9"
"3001764","400764","1","51764 ","9"
"3001765","400765","1","51765 ","9"
"3001779","400779","1","51779 ","9"
"3001797","400797","1","51797 ","9"
"3001798","400798","1","51798 ","9"
"3001801","400801","1","51801 ","9"
"3001804","400804","1","51804 ","9"
"3001810","400810","1","51810 ","9"
"3001819","400819","1","51819 ","9"
"3001833","400833","1","51833 ","9"
"3001837","400837","1","51837 ","9"
"3001852","400852","1","51852 ","9"
"3001863","400863","1","51863 ","9"
"3001875","400875","1","51875 ","9"
"3001977","400977","1","51977 ","9"
"3000107","400107","1","50107 ","9"
"3000114","400114","1","50114 ","9"
"3000122","400122","1","50122 ","9"
"3000128","400128","1","50128 ","9"
"3000138","400138","1","50138 ","9"
"3000140","400140","1","50140 ","9"
"3000157","400157","1","50157 ","9"
"3000158","400158","1","50158 ","9"
"3000163","400163","1","50163 ","9"
"3000165","400165","1","50165 ","9"
"3000172","400172","1","50172 ","9"
"3000174","400174","1","50174 ","9"
"3000179","400179","1","50179 ","9"
"3000180","400180","1","50180 ","9"
"3000182","400182","1","50182 ","9"
"3000402","400402","1","50402 ","9"
"3000403","400403","1","50403 ","9"
"3000404","400404","1","50404 ","9"
"3000412","400412","1","50412 ","9"
"3000421","400421","1","50421 ","9"
"3000422","400422","1","50422 ","9"
"3000429","400429","1","50429 ","9"
"3000433","400433","1","50433 ","9"
"3000434","400434","1","50434 ","9"
"3000444","400444","1","50444 ","9"
"3000446","400446","1","50446 ","9"
"3000447","400447","1","50447 ","9"
"3000449","400449","1","50449 ","9"
"3000478","400478","1","50478 ","9"
"3000482","400482","1","50482 ","9"
"3000205","400205","1","50205 ","9"
"3000211","400211","1","50211 ","9"
"3000229","400229","1","50229 ","9"
"3000232","400232","1","50232 ","9"
"3000242","400242","1","50242 ","9"
"3000243","400243","1","50243 ","9"
"3000259","400259","1","50259 ","9"
"3000268","400268","1","50268 ","9"
"3000272","400272","1","50272 ","9"
"3000273","400273","1","50273 ","9"
"3000296","400296","1","50296 ","9"
"3000308","400308","1","50308 ","9"
"3000309","400309","1","50309 ","9"
"3000335","400335","1","50335 ","9"
"3000345","400345","1","50345 ","9"
"3000355","400355","1","50355 ","9"
"3000360","400360","1","50360 ","9"
"3000376","400376","1","50376 ","9"
"3000386","400386","1","50386 ","9"
"3000390","400390","1","50390 ","9"
"3000002","400002","1","50002 ","9"
"3000009","400009","1","50009 ","9"
"3000015","400015","1","50015 ","9"
"3000026","400026","1","50026 ","9"
"3000028","400028","1","50028 ","9"
"3000039","400039","1","50039 ","9"
"3000047","400047","1","50047 ","9"
"3000058","400058","1","50058 ","9"
"3000060","400060","1","50060 ","9"
"3000069","400069","1","50069 ","9"
"3000072","400072","1","50072 ","9"
"3000085","400085","1","50085 ","9"
"3000093","400093","1","50093 ","9"
"3000098","400098","1","50098 ","9"
"3000799","400799","1","50799 ","9"
"3000804","400804","1","50804 ","9"
"3000808","400808","1","50808 ","9"
"3000817","400817","1","50817 ","9"
"3000826","400826","1","50826 ","9"
"3000833","400833","1","50833 ","9"
"3000847","400847","1","50847 ","9"
"3000853","400853","1","50853 ","9"
"3000858","400858","1","50858 ","9"
"3000866","400866","1","50866 ","9"
"3000875","400875","1","50875 ","9"
"3000877","400877","1","50877 ","9"
"3000879","400879","1","50879 ","9"
"3001204","400204","1","51204 ","9"
"3001209","400209","1","51209 ","9"
"3001210","400210","1","51210 ","9"
"3001214","400214","1","51214 ","9"
"3001215","400215","1","51215 ","9"
"3001222","400222","1","51222 ","9"
"3001232","400232","1","51232 ","9"
"3001249","400249","1","51249 ","9"
"3001270","400270","1","51270 ","9"
"3001272","400272","1","51272 ","9"
"3001275","400275","1","51275 ","9"
"3001282","400282","1","51282 ","9"
"3000890","400890","1","50890 ","9"
"3000901","400901","1","50901 ","9"
"3000904","400904","1","50904 ","9"
"3000905","400905","1","50905 ","9"
"3000912","400912","1","50912 ","9"
"3000914","400914","1","50914 ","9"
"3000929","400929","1","50929 ","9"
"3000931","400931","1","50931 ","9"
"3000938","400938","1","50938 ","9"
"3000947","400947","1","50947 ","9"
"3000950","400950","1","50950 ","9"
"3000969","400969","1","50969 ","9"
"3000970","400970","1","50970 ","9"
"3000978","400978","1","50978 ","9"
"3000979","400979","1","50979 ","9"
"3000980","400980","1","50980 ","9"
"3000985","400985","1","50985 ","9"
"3000988","400988","1","50988 ","9"
"3000989","400989","1","50989 ","9"
"3000993","400993","1","50993 ","9"
"3000996","400996","1","50996 ","9"
"3001016","400016","1","51016 ","9"
"3001036","400036","1","51036 ","9"
"3001037","400037","1","51037 ","9"
"3001065","400065","1","51065 ","9"
"3001067","400067","1","51067 ","9"
"3001086","400086","1","51086 ","9"
"3001095","400095","1","51095 ","9"
"3001105","400105","1","51105 ","9"
"3001107","400107","1","51107 ","9"
"3001117","400117","1","51117 ","9"
"3001127","400127","1","51127 ","9"
"3001129","400129","1","51129 ","9"
"3001133","400133","1","51133 ","9"
"3001145","400145","1","51145 ","9"
"3001148","400148","1","51148 ","9"
"3001150","400150","1","51150 ","9"
"3001155","400155","1","51155 ","9"
"3001157","400157","1","51157 ","9"
"3001158","400158","1","51158 ","9"
"3001161","400161","1","51161 ","9"
"3001170","400170","1","51170 ","9"
"3001172","400172","1","51172 ","9"
"3000493","400493","1","50493 ","9"
"3000499","400499","1","50499 ","9"
"3000505","400505","1","50505 ","9"
"3000510","400510","1","50510 ","9"
"3000515","400515","1","50515 ","9"
"3000531","400531","1","50531 ","9"
"3000534","400534","1","50534 ","9"
"3000546","400546","1","50546 ","9"
"3000551","400551","1","50551 ","9"
"3000563","400563","1","50563 ","9"
"3000564","400564","1","50564 ","9"
"3000568","400568","1","50568 ","9"
"3000582","400582","1","50582 ","9"
"3000610","400610","1","50610 ","9"
"3000615","400615","1","50615 ","9"
"3000625","400625","1","50625 ","9"
"3000645","400645","1","50645 ","9"
"3000653","400653","1","50653 ","9"
"3000663","400663","1","50663 ","9"
"3000667","400667","1","50667 ","9"
"3000673","400673","1","50673 ","9"
"3000679","400679","1","50679 ","9"
"3000691","400691","1","50691 ","9"
"3000695","400695","1","50695 ","9"
"3000700","400700","1","50700 ","9"
"3000702","400702","1","50702 ","9"
"3000703","400703","1","50703 ","9"
"3000706","400706","1","50706 ","9"
"3000712","400712","1","50712 ","9"
"3000713","400713","1","50713 ","9"
"3000723","400723","1","50723 ","9"
"3000729","400729","1","50729 ","9"
"3000731","400731","1","50731 ","9"
"3000732","400732","1","50732 ","9"
"3000739","400739","1","50739 ","9"
"3000747","400747","1","50747 ","9"
"3000762","400762","1","50762 ","9"
"3000771","400771","1","50771 ","9"
"3000782","400782","1","50782 ","9"
"3000786","400786","1","50786 ","9"
"3001879","400879","1","51879 ","9"
"3001927","400927","1","51927 ","9"
"3001958","400958","1","51958 ","9"
"3001964","400964","1","51964 ","9"
"3001966","400966","1","51966 ","9"
"3001971","400971","1","51971 ","9"
"3001286","400286","1","51286 ","9"
"3001293","400293","1","51293 ","9"
"3001296","400296","1","51296 ","9"
"3001303","400303","1","51303 ","9"
"3001313","400313","1","51313 ","9"
"3001323","400323","1","51323 ","9"
"3001332","400332","1","51332 ","9"
"3001348","400348","1","51348 ","9"
"3001349","400349","1","51349 ","9"
"3001355","400355","1","51355 ","9"
"3001378","400378","1","51378 ","9"
"3001395","400395","1","51395 ","9"
"3001398","400398","1","51398 ","9"
"3001408","400408","1","51408 ","9"
"3001414","400414","1","51414 ","9"
"3001416","400416","1","51416 ","9"
"3001424","400424","1","51424 ","9"
"3001429","400429","1","51429 ","9"
"3001447","400447","1","51447 ","9"
"3001465","400465","1","51465 ","9"
"3001470","400470","1","51470 ","9"
"3001474","400474","1","51474 ","9"
"3001489","400489","1","51489 ","9"
"3001499","400499","1","51499 ","9"
"3001524","400524","1","51524 ","9"
"3001526","400526","1","51526 ","9"
"3001539","400539","1","51539 ","9"
"3001550","400550","1","51550 ","9"
"3001578","400578","1","51578 ","9"
"3001584","400584","1","51584 ","9"
"3001591","400591","1","51591 ","9"
"3001601","400601","1","51601 ","9"
"3001603","400603","1","51603 ","9"
"3001605","400605","1","51605 ","9"
"3001616","400616","1","51616 ","9"
"3001617","400617","1","51617 ","9"
"3001625","400625","1","51625 ","9"
"3001632","400632","1","51632 ","9"
"3001650","400650","1","51650 ","9"
"3001651","400651","1","51651 ","9"
"3001653","400653","1","51653 ","9"
"3001656","400656","1","51656 ","9"
"3001664","400664","1","51664 ","9"
"3001666","400666","1","51666 ","9"
"3001670","400670","1","51670 ","9"
"3001671","400671","1","51671 ","9"
"3001695","400695","1","51695 ","9"
"3001703","400703","1","51703 ","9"
"3001704","400704","1","51704 ","9"
"3001707","400707","1","51707 ","9"
"3001717","400717","1","51717 ","9"
"3001719","400719","1","51719 ","9"
"3001729","400729","1","51729 ","9"
"3001767","400767","1","51767 ","9"
"3001772","400772","1","51772 ","9"
"3001783","400783","1","51783 ","9"
"3001791","400791","1","51791 ","9"
"3001806","400806","1","51806 ","9"
"3001808","400808","1","51808 ","9"
"3001809","400809","1","51809 ","9"
"3001813","400813","1","51813 ","9"
"3001814","400814","1","51814 ","9"
"3001825","400825","1","51825 ","9"
"3001827","400827","1","51827 ","9"
"3001836","400836","1","51836 ","9"
"3001843","400843","1","51843 ","9"
"3001854","400854","1","51854 ","9"
"3001978","400978","1","51978 ","9"
"3001983","400983","1","51983 ","9"
"3001989","400989","1","51989 ","9"
"3001992","400992","1","51992 ","9"
"3001993","400993","1","51993 ","9"
"3001998","400998","1","51998 ","9"
"3001999","400999","1","51999 ","9"
"3000101","400101","1","50101 ","9"
"3000103","400103","1","50103 ","9"
"3000106","400106","1","50106 ","9"
"3000115","400115","1","50115 ","9"
"3000123","400123","1","50123 ","9"
"3000124","400124","1","50124 ","9"
"3000133","400133","1","50133 ","9"
"3000135","400135","1","50135 ","9"
"3000142","400142","1","50142 ","9"
"3000147","400147","1","50147 ","9"
"3000151","400151","1","50151 ","9"
"3000152","400152","1","50152 ","9"
"3000167","400167","1","50167 ","9"
"3000170","400170","1","50170 ","9"
"3000173","400173","1","50173 ","9"
"3000178","400178","1","50178 ","9"
"3000395","400395","1","50395 ","9"
"3000400","400400","1","50400 ","9"
"3000459","400459","1","50459 ","9"
"3000471","400471","1","50471 ","9"
"3000472","400472","1","50472 ","9"
"3000481","400481","1","50481 ","9"
"3000483","400483","1","50483 ","9"
"3000485","400485","1","50485 ","9"
"3000213","400213","1","50213 ","9"
"3000216","400216","1","50216 ","9"
"3000218","400218","1","50218 ","9"
"3000238","400238","1","50238 ","9"
"3000248","400248","1","50248 ","9"
"3000250","400250","1","50250 ","9"
"3000251","400251","1","50251 ","9"
"3000253","400253","1","50253 ","9"
"3000260","400260","1","50260 ","9"
"3000275","400275","1","50275 ","9"
"3000279","400279","1","50279 ","9"
"3000280","400280","1","50280 ","9"
"3000281","400281","1","50281 ","9"
"3000283","400283","1","50283 ","9"
"3000292","400292","1","50292 ","9"
"3000302","400302","1","50302 ","9"
"3000303","400303","1","50303 ","9"
"3000312","400312","1","50312 ","9"
"3000313","400313","1","50313 ","9"
"3000315","400315","1","50315 ","9"
"3000318","400318","1","50318 ","9"
"3000324","400324","1","50324 ","9"
"3000328","400328","1","50328 ","9"
"3000337","400337","1","50337 ","9"
"3000342","400342","1","50342 ","9"
"3000350","400350","1","50350 ","9"
"3000351","400351","1","50351 ","9"
"3000367","400367","1","50367 ","9"
"3000372","400372","1","50372 ","9"
"3000385","400385","1","50385 ","9"
"3000001","400001","1","50001 ","9"
"3000004","400004","1","50004 ","9"
"3000006","400006","1","50006 ","9"
"3000014","400014","1","50014 ","9"
"3000027","400027","1","50027 ","9"
"3000038","400038","1","50038 ","9"
"3000040","400040","1","50040 ","9"
"3000041","400041","1","50041 ","9"
"3000042","400042","1","50042 ","9"
"3000046","400046","1","50046 ","9"
"3000056","400056","1","50056 ","9"
"3000065","400065","1","50065 ","9"
"3000071","400071","1","50071 ","9"
"3000090","400090","1","50090 ","9"
"3000095","400095","1","50095 ","9"
"3000097","400097","1","50097 ","9"
"3000099","400099","1","50099 ","9"
"3000790","400790","1","50790 ","9"
"3000800","400800","1","50800 ","9"
"3000807","400807","1","50807 ","9"
"3000811","400811","1","50811 ","9"
"3000814","400814","1","50814 ","9"
"3000818","400818","1","50818 ","9"
"3000821","400821","1","50821 ","9"
"3000824","400824","1","50824 ","9"
"3000835","400835","1","50835 ","9"
"3000837","400837","1","50837 ","9"
"3000849","400849","1","50849 ","9"
"3000863","400863","1","50863 ","9"
"3000864","400864","1","50864 ","9"
"3000869","400869","1","50869 ","9"
"3001193","400193","1","51193 ","9"
"3001194","400194","1","51194 ","9"
"3001200","400200","1","51200 ","9"
"3001201","400201","1","51201 ","9"
"3001228","400228","1","51228 ","9"
"3001252","400252","1","51252 ","9"
"3001255","400255","1","51255 ","9"
"3001256","400256","1","51256 ","9"
"3001260","400260","1","51260 ","9"
"3001262","400262","1","51262 ","9"
"3001264","400264","1","51264 ","9"
"3001279","400279","1","51279 ","9"
"3000916","400916","1","50916 ","9"
"3000927","400927","1","50927 ","9"
"3000945","400945","1","50945 ","9"
"3000948","400948","1","50948 ","9"
"3000963","400963","1","50963 ","9"
"3000968","400968","1","50968 ","9"
"3000972","400972","1","50972 ","9"
"3000986","400986","1","50986 ","9"
"3000992","400992","1","50992 ","9"
"3000998","400998","1","50998 ","9"
"3001000","401000","1","51000 ","9"
"3001004","400004","1","51004 ","9"
"3001007","400007","1","51007 ","9"
"3001009","400009","1","51009 ","9"
"3001010","400010","1","51010 ","9"
"3001025","400025","1","51025 ","9"
"3001030","400030","1","51030 ","9"
"3001031","400031","1","51031 ","9"
"3001044","400044","1","51044 ","9"
"3001048","400048","1","51048 ","9"
"3001050","400050","1","51050 ","9"
"3001053","400053","1","51053 ","9"
"3001056","400056","1","51056 ","9"
"3001057","400057","1","51057 ","9"
"3001068","400068","1","51068 ","9"
"3001081","400081","1","51081 ","9"
"3001087","400087","1","51087 ","9"
"3001091","400091","1","51091 ","9"
"3001099","400099","1","51099 ","9"
"3001101","400101","1","51101 ","9"
"3001104","400104","1","51104 ","9"
"3001112","400112","1","51112 ","9"
"3001125","400125","1","51125 ","9"
"3001147","400147","1","51147 ","9"
"3000500","400500","1","50500 ","9"
"3000509","400509","1","50509 ","9"
"3000517","400517","1","50517 ","9"
"3000524","400524","1","50524 ","9"
"3000529","400529","1","50529 ","9"
"3000540","400540","1","50540 ","9"
"3000542","400542","1","50542 ","9"
"3000548","400548","1","50548 ","9"
"3000550","400550","1","50550 ","9"
"3000553","400553","1","50553 ","9"
"3000559","400559","1","50559 ","9"
"3000585","400585","1","50585 ","9"
"3000589","400589","1","50589 ","9"
"3000597","400597","1","50597 ","9"
"3000604","400604","1","50604 ","9"
"3000609","400609","1","50609 ","9"
"3000612","400612","1","50612 ","9"
"3000624","400624","1","50624 ","9"
"3000634","400634","1","50634 ","9"
"3000642","400642","1","50642 ","9"
"3000646","400646","1","50646 ","9"
"3000660","400660","1","50660 ","9"
"3000687","400687","1","50687 ","9"
"3000708","400708","1","50708 ","9"
"3000730","400730","1","50730 ","9"
"3000736","400736","1","50736 ","9"
"3000754","400754","1","50754 ","9"
"3000761","400761","1","50761 ","9"
"3000773","400773","1","50773 ","9"
"3000774","400774","1","50774 ","9"
"3000775","400775","1","50775 ","9"
"3000788","400788","1","50788 ","9"
"3001882","400882","1","51882 ","9"
"3001884","400884","1","51884 ","9"
"3001896","400896","1","51896 ","9"
"3001899","400899","1","51899 ","9"
"3001909","400909","1","51909 ","9"
"3001911","400911","1","51911 ","9"
"3001917","400917","1","51917 ","9"
"3001933","400933","1","51933 ","9"
"3001936","400936","1","51936 ","9"
"3001945","400945","1","51945 ","9"
"3001950","400950","1","51950 ","9"
"3001284","400284","1","51284 ","9"
"3001287","400287","1","51287 ","9"
"3001295","400295","1","51295 ","9"
"3001309","400309","1","51309 ","9"
"3001311","400311","1","51311 ","9"
"3001317","400317","1","51317 ","9"
"3001320","400320","1","51320 ","9"
"3001326","400326","1","51326 ","9"
"3001327","400327","1","51327 ","9"
"3001339","400339","1","51339 ","9"
"3001342","400342","1","51342 ","9"
"3001344","400344","1","51344 ","9"
"3001351","400351","1","51351 ","9"
"3001365","400365","1","51365 ","9"
"3001374","400374","1","51374 ","9"
"3001391","400391","1","51391 ","9"
"3001396","400396","1","51396 ","9"
"3001419","400419","1","51419 ","9"
"3001423","400423","1","51423 ","9"
"3001428","400428","1","51428 ","9"
"3001443","400443","1","51443 ","9"
"3001444","400444","1","51444 ","9"
"3001449","400449","1","51449 ","9"
"3001461","400461","1","51461 ","9"
"3001476","400476","1","51476 ","9"
"3001478","400478","1","51478 ","9"
"3001496","400496","1","51496 ","9"
"3001507","400507","1","51507 ","9"
"3001531","400531","1","51531 ","9"
"3001536","400536","1","51536 ","9"
"3001553","400553","1","51553 ","9"
"3001554","400554","1","51554 ","9"
"3001555","400555","1","51555 ","9"
"3001556","400556","1","51556 ","9"
"3001561","400561","1","51561 ","9"
"3001567","400567","1","51567 ","9"
"3001581","400581","1","51581 ","9"
"3001583","400583","1","51583 ","9"
"3001587","400587","1","51587 ","9"
"3001597","400597","1","51597 ","9"
"3001635","400635","1","51635 ","9"
"3001655","400655","1","51655 ","9"
"3001661","400661","1","51661 ","9"
"3001674","400674","1","51674 ","9"
"3001685","400685","1","51685 ","9"
"3001689","400689","1","51689 ","9"
"3001691","400691","1","51691 ","9"
"3001692","400692","1","51692 ","9"
"3001713","400713","1","51713 ","9"
"3001714","400714","1","51714 ","9"
"3001732","400732","1","51732 ","9"
"3001735","400735","1","51735 ","9"
"3001745","400745","1","51745 ","9"
"3001750","400750","1","51750 ","9"
"3001763","400763","1","51763 ","9"
"3001768","400768","1","51768 ","9"
"3001776","400776","1","51776 ","9"
"3001796","400796","1","51796 ","9"
"3001818","400818","1","51818 ","9"
"3001822","400822","1","51822 ","9"
"3001826","400826","1","51826 ","9"
"3001828","400828","1","51828 ","9"
"3001838","400838","1","51838 ","9"
"3001841","400841","1","51841 ","9"
"3001864","400864","1","51864 ","9"
"3001867","400867","1","51867 ","9"
"3001868","400868","1","51868 ","9"
"3001869","400869","1","51869 ","9"
"3001870","400870","1","51870 ","9"
"3001877","400877","1","51877 ","9"
"3001979","400979","1","51979 ","9"
"3002000","401000","1","52000 ","9"
"3000109","400109","1","50109 ","9"
"3000110","400110","1","50110 ","9"
"3000117","400117","1","50117 ","9"
"3000126","400126","1","50126 ","9"
"3000136","400136","1","50136 ","9"
"3000149","400149","1","50149 ","9"
"3000150","400150","1","50150 ","9"
"3000155","400155","1","50155 ","9"
"3000171","400171","1","50171 ","9"
"3000184","400184","1","50184 ","9"
"3000197","400197","1","50197 ","9"
"3000409","400409","1","50409 ","9"
"3000419","400419","1","50419 ","9"
"3000425","400425","1","50425 ","9"
"3000427","400427","1","50427 ","9"
"3000431","400431","1","50431 ","9"
"3000438","400438","1","50438 ","9"
"3000443","400443","1","50443 ","9"
"3000458","400458","1","50458 ","9"
"3000461","400461","1","50461 ","9"
"3000464","400464","1","50464 ","9"
"3000469","400469","1","50469 ","9"
"3000473","400473","1","50473 ","9"
"3000474","400474","1","50474 ","9"
"3000475","400475","1","50475 ","9"
"3000477","400477","1","50477 ","9"
"3000486","400486","1","50486 ","9"
"3000488","400488","1","50488 ","9"
"3000200","400200","1","50200 ","9"
"3000203","400203","1","50203 ","9"
"3000215","400215","1","50215 ","9"
"3000220","400220","1","50220 ","9"
"3000225","400225","1","50225 ","9"
"3000244","400244","1","50244 ","9"
"3000264","400264","1","50264 ","9"
"3000267","400267","1","50267 ","9"
"3000282","400282","1","50282 ","9"
"3000284","400284","1","50284 ","9"
"3000288","400288","1","50288 ","9"
"3000290","400290","1","50290 ","9"
"3000293","400293","1","50293 ","9"
"3000294","400294","1","50294 ","9"
"3000298","400298","1","50298 ","9"
"3000301","400301","1","50301 ","9"
"3000304","400304","1","50304 ","9"
"3000307","400307","1","50307 ","9"
"3000322","400322","1","50322 ","9"
"3000339","400339","1","50339 ","9"
"3000348","400348","1","50348 ","9"
"3000354","400354","1","50354 ","9"
"3000365","400365","1","50365 ","9"
"3000371","400371","1","50371 ","9"
"3000379","400379","1","50379 ","9"
"3000380","400380","1","50380 ","9"
"3000016","400016","1","50016 ","9"
"3000019","400019","1","50019 ","9"
"3000036","400036","1","50036 ","9"
"3000055","400055","1","50055 ","9"
"3000057","400057","1","50057 ","9"
"3000067","400067","1","50067 ","9"
"3000070","400070","1","50070 ","9"
"3000079","400079","1","50079 ","9"
"3000091","400091","1","50091 ","9"
"3000789","400789","1","50789 ","9"
"3000792","400792","1","50792 ","9"
"3000794","400794","1","50794 ","9"
"3000828","400828","1","50828 ","9"
"3000829","400829","1","50829 ","9"
"3000838","400838","1","50838 ","9"
"3000844","400844","1","50844 ","9"
"3000850","400850","1","50850 ","9"
"3000860","400860","1","50860 ","9"
"3000861","400861","1","50861 ","9"
"3000867","400867","1","50867 ","9"
"3000868","400868","1","50868 ","9"
"3001186","400186","1","51186 ","9"
"3001191","400191","1","51191 ","9"
"3001205","400205","1","51205 ","9"
"3001207","400207","1","51207 ","9"
"3001219","400219","1","51219 ","9"
"3001225","400225","1","51225 ","9"
"3001238","400238","1","51238 ","9"
"3001242","400242","1","51242 ","9"
"3001243","400243","1","51243 ","9"
"3001247","400247","1","51247 ","9"
"3001254","400254","1","51254 ","9"
"3001258","400258","1","51258 ","9"
"3001259","400259","1","51259 ","9"
"3001265","400265","1","51265 ","9"
"3001276","400276","1","51276 ","9"
"3001281","400281","1","51281 ","9"
"3000892","400892","1","50892 ","9"
"3000897","400897","1","50897 ","9"
"3000900","400900","1","50900 ","9"
"3000910","400910","1","50910 ","9"
"3000925","400925","1","50925 ","9"
"3000930","400930","1","50930 ","9"
"3000932","400932","1","50932 ","9"
"3000937","400937","1","50937 ","9"
"3000953","400953","1","50953 ","9"
"3000955","400955","1","50955 ","9"
"3000959","400959","1","50959 ","9"
"3000965","400965","1","50965 ","9"
"3000994","400994","1","50994 ","9"
"3001021","400021","1","51021 ","9"
"3001028","400028","1","51028 ","9"
"3001029","400029","1","51029 ","9"
"3001038","400038","1","51038 ","9"
"3001054","400054","1","51054 ","9"
"3001061","400061","1","51061 ","9"
"3001063","400063","1","51063 ","9"
"3001064","400064","1","51064 ","9"
"3001070","400070","1","51070 ","9"
"3001080","400080","1","51080 ","9"
"3001083","400083","1","51083 ","9"
"3001092","400092","1","51092 ","9"
"3001094","400094","1","51094 ","9"
"3001100","400100","1","51100 ","9"
"3001103","400103","1","51103 ","9"
"3001121","400121","1","51121 ","9"
"3001124","400124","1","51124 ","9"
"3001135","400135","1","51135 ","9"
"3001138","400138","1","51138 ","9"
"3001139","400139","1","51139 ","9"
"3001142","400142","1","51142 ","9"
"3001163","400163","1","51163 ","9"
"3001167","400167","1","51167 ","9"
"3001176","400176","1","51176 ","9"
"3001178","400178","1","51178 ","9"
"3001180","400180","1","51180 ","9"
"3000512","400512","1","50512 ","9"
"3000514","400514","1","50514 ","9"
"3000521","400521","1","50521 ","9"
"3000528","400528","1","50528 ","9"
"3000539","400539","1","50539 ","9"
"3000544","400544","1","50544 ","9"
"3000554","400554","1","50554 ","9"
"3000566","400566","1","50566 ","9"
"3000579","400579","1","50579 ","9"
"3000586","400586","1","50586 ","9"
"3000593","400593","1","50593 ","9"
"3000596","400596","1","50596 ","9"
"3000601","400601","1","50601 ","9"
"3000611","400611","1","50611 ","9"
"3000613","400613","1","50613 ","9"
"3000616","400616","1","50616 ","9"
"3000633","400633","1","50633 ","9"
"3000643","400643","1","50643 ","9"
"3000648","400648","1","50648 ","9"
"3000651","400651","1","50651 ","9"
"3000662","400662","1","50662 ","9"
"3000674","400674","1","50674 ","9"
"3000692","400692","1","50692 ","9"
"3000694","400694","1","50694 ","9"
"3000738","400738","1","50738 ","9"
"3000753","400753","1","50753 ","9"
"3000777","400777","1","50777 ","9"
"3000785","400785","1","50785 ","9"
"3000787","400787","1","50787 ","9"
"3001889","400889","1","51889 ","9"
"3001903","400903","1","51903 ","9"
"3001906","400906","1","51906 ","9"
"3001908","400908","1","51908 ","9"
"3001912","400912","1","51912 ","9"
"3001925","400925","1","51925 ","9"
"3001928","400928","1","51928 ","9"
"3001932","400932","1","51932 ","9"
"3001934","400934","1","51934 ","9"
"3001959","400959","1","51959 ","9"
"3001963","400963","1","51963 ","9"
"3001973","400973","1","51973 ","9"
"3001290","400290","1","51290 ","9"
"3001301","400301","1","51301 ","9"
"3001308","400308","1","51308 ","9"
"3001310","400310","1","51310 ","9"
"3001319","400319","1","51319 ","9"
"3001331","400331","1","51331 ","9"
"3001334","400334","1","51334 ","9"
"3001338","400338","1","51338 ","9"
"3001346","400346","1","51346 ","9"
"3001347","400347","1","51347 ","9"
"3001356","400356","1","51356 ","9"
"3001366","400366","1","51366 ","9"
"3001371","400371","1","51371 ","9"
"3001373","400373","1","51373 ","9"
"3001382","400382","1","51382 ","9"
"3001389","400389","1","51389 ","9"
"3001399","400399","1","51399 ","9"
"3001401","400401","1","51401 ","9"
"3001403","400403","1","51403 ","9"
"3001406","400406","1","51406 ","9"
"3001412","400412","1","51412 ","9"
"3001418","400418","1","51418 ","9"
"3001420","400420","1","51420 ","9"
"3001425","400425","1","51425 ","9"
"3001430","400430","1","51430 ","9"
"3001437","400437","1","51437 ","9"
"3001459","400459","1","51459 ","9"
"3001463","400463","1","51463 ","9"
"3001469","400469","1","51469 ","9"
"3001480","400480","1","51480 ","9"
"3001490","400490","1","51490 ","9"
"3001495","400495","1","51495 ","9"
"3001497","400497","1","51497 ","9"
"3001510","400510","1","51510 ","9"
"3001518","400518","1","51518 ","9"
"3001520","400520","1","51520 ","9"
"3001542","400542","1","51542 ","9"
"3001543","400543","1","51543 ","9"
"3001566","400566","1","51566 ","9"
"3001568","400568","1","51568 ","9"
"3001572","400572","1","51572 ","9"
"3001573","400573","1","51573 ","9"
"3001576","400576","1","51576 ","9"
"3001606","400606","1","51606 ","9"
"3001629","400629","1","51629 ","9"
"3001637","400637","1","51637 ","9"
"3001638","400638","1","51638 ","9"
"3001641","400641","1","51641 ","9"
"3001662","400662","1","51662 ","9"
"3001683","400683","1","51683 ","9"
"3001684","400684","1","51684 ","9"
"3001687","400687","1","51687 ","9"
"3001693","400693","1","51693 ","9"
"3001696","400696","1","51696 ","9"
"3001709","400709","1","51709 ","9"
"3001726","400726","1","51726 ","9"
"3001727","400727","1","51727 ","9"
"3001731","400731","1","51731 ","9"
"3001740","400740","1","51740 ","9"
"3001742","400742","1","51742 ","9"
"3001759","400759","1","51759 ","9"
"3001775","400775","1","51775 ","9"
"3001799","400799","1","51799 ","9"
"3001815","400815","1","51815 ","9"
"3001816","400816","1","51816 ","9"
"3001844","400844","1","51844 ","9"
"3001847","400847","1","51847 ","9"
"3001848","400848","1","51848 ","9"
"3001856","400856","1","51856 ","9"
"3001861","400861","1","51861 ","9"
"3001872","400872","1","51872 ","9"
"3001874","400874","1","51874 ","9"
"3001984","400984","1","51984 ","9"
"3001987","400987","1","51987 ","9"
"3001990","400990","1","51990 ","9"
"3001994","400994","1","51994 ","9"
"3001995","400995","1","51995 ","9"
"3000105","400105","1","50105 ","9"
"3000120","400120","1","50120 ","9"
"3000121","400121","1","50121 ","9"
"3000154","400154","1","50154 ","9"
"3000177","400177","1","50177 ","9"
"3000181","400181","1","50181 ","9"
"3000195","400195","1","50195 ","9"
"3000401","400401","1","50401 ","9"
"3000416","400416","1","50416 ","9"
"3000418","400418","1","50418 ","9"
"3000423","400423","1","50423 ","9"
"3000435","400435","1","50435 ","9"
"3000440","400440","1","50440 ","9"
"3000452","400452","1","50452 ","9"
"3000453","400453","1","50453 ","9"
"3000460","400460","1","50460 ","9"
"3000462","400462","1","50462 ","9"
"3000468","400468","1","50468 ","9"
"3000470","400470","1","50470 ","9"
"3000479","400479","1","50479 ","9"
"3000201","400201","1","50201 ","9"
"3000210","400210","1","50210 ","9"
"3000224","400224","1","50224 ","9"
"3000226","400226","1","50226 ","9"
"3000228","400228","1","50228 ","9"
"3000237","400237","1","50237 ","9"
"3000256","400256","1","50256 ","9"
"3000263","400263","1","50263 ","9"
"3000265","400265","1","50265 ","9"
"3000266","400266","1","50266 ","9"
"3000270","400270","1","50270 ","9"
"3000278","400278","1","50278 ","9"
"3000286","400286","1","50286 ","9"
"3000317","400317","1","50317 ","9"
"3000330","400330","1","50330 ","9"
"3000336","400336","1","50336 ","9"
"3000347","400347","1","50347 ","9"
"3000366","400366","1","50366 ","9"
"3000373","400373","1","50373 ","9"
"3000387","400387","1","50387 ","9"
"3000388","400388","1","50388 ","9"
"3000389","400389","1","50389 ","9"
"3000011","400011","1","50011 ","9"
"3000017","400017","1","50017 ","9"
"3000020","400020","1","50020 ","9"
"3000022","400022","1","50022 ","9"
"3000029","400029","1","50029 ","9"
"3000030","400030","1","50030 ","9"
"3000035","400035","1","50035 ","9"
"3000045","400045","1","50045 ","9"
"3000061","400061","1","50061 ","9"
"3000063","400063","1","50063 ","9"
"3000073","400073","1","50073 ","9"
"3000076","400076","1","50076 ","9"
"3000077","400077","1","50077 ","9"
"3000078","400078","1","50078 ","9"
"3000083","400083","1","50083 ","9"
"3000088","400088","1","50088 ","9"
"3000096","400096","1","50096 ","9"
"3000803","400803","1","50803 ","9"
"3000815","400815","1","50815 ","9"
"3000840","400840","1","50840 ","9"
"3000852","400852","1","50852 ","9"
"3000854","400854","1","50854 ","9"
"3000862","400862","1","50862 ","9"
"3000873","400873","1","50873 ","9"
"3000876","400876","1","50876 ","9"
"3000880","400880","1","50880 ","9"
"3001195","400195","1","51195 ","9"
"3001197","400197","1","51197 ","9"
"3001211","400211","1","51211 ","9"
"3001212","400212","1","51212 ","9"
"3001217","400217","1","51217 ","9"
"3001226","400226","1","51226 ","9"
"3001233","400233","1","51233 ","9"
"3001235","400235","1","51235 ","9"
"3001237","400237","1","51237 ","9"
"3001244","400244","1","51244 ","9"
"3001246","400246","1","51246 ","9"
"3001251","400251","1","51251 ","9"
"3001261","400261","1","51261 ","9"
"3001274","400274","1","51274 ","9"
"3001283","400283","1","51283 ","9"
"3000896","400896","1","50896 ","9"
"3000898","400898","1","50898 ","9"
"3000902","400902","1","50902 ","9"
"3000915","400915","1","50915 ","9"
"3000917","400917","1","50917 ","9"
"3000918","400918","1","50918 ","9"
"3000920","400920","1","50920 ","9"
"3000924","400924","1","50924 ","9"
"3000933","400933","1","50933 ","9"
"3000936","400936","1","50936 ","9"
"3000958","400958","1","50958 ","9"
"3000967","400967","1","50967 ","9"
"3000983","400983","1","50983 ","9"
"3001001","400001","1","51001 ","9"
"3001011","400011","1","51011 ","9"
"3001014","400014","1","51014 ","9"
"3001018","400018","1","51018 ","9"
"3001032","400032","1","51032 ","9"
"3001033","400033","1","51033 ","9"
"3001043","400043","1","51043 ","9"
"3001051","400051","1","51051 ","9"
"3001058","400058","1","51058 ","9"
"3001079","400079","1","51079 ","9"
"3001085","400085","1","51085 ","9"
"3001090","400090","1","51090 ","9"
"3001102","400102","1","51102 ","9"
"3001110","400110","1","51110 ","9"
"3001120","400120","1","51120 ","9"
"3001123","400123","1","51123 ","9"
"3001128","400128","1","51128 ","9"
"3001140","400140","1","51140 ","9"
"3001149","400149","1","51149 ","9"
"3001152","400152","1","51152 ","9"
"3001156","400156","1","51156 ","9"
"3001162","400162","1","51162 ","9"
"3001164","400164","1","51164 ","9"
"3001173","400173","1","51173 ","9"
"3001177","400177","1","51177 ","9"
"3001183","400183","1","51183 ","9"
"3001184","400184","1","51184 ","9"
"3000516","400516","1","50516 ","9"
"3000520","400520","1","50520 ","9"
"3000525","400525","1","50525 ","9"
"3000526","400526","1","50526 ","9"
"3000530","400530","1","50530 ","9"
"3000532","400532","1","50532 ","9"
"3000533","400533","1","50533 ","9"
"3000543","400543","1","50543 ","9"
"3000547","400547","1","50547 ","9"
"3000556","400556","1","50556 ","9"
"3000569","400569","1","50569 ","9"
"3000570","400570","1","50570 ","9"
"3000578","400578","1","50578 ","9"
"3000583","400583","1","50583 ","9"
"3000588","400588","1","50588 ","9"
"3000591","400591","1","50591 ","9"
"3000594","400594","1","50594 ","9"
"3000595","400595","1","50595 ","9"
"3000598","400598","1","50598 ","9"
"3000607","400607","1","50607 ","9"
"3000608","400608","1","50608 ","9"
"3000618","400618","1","50618 ","9"
"3000622","400622","1","50622 ","9"
"3000627","400627","1","50627 ","9"
"3000630","400630","1","50630 ","9"
"3000640","400640","1","50640 ","9"
"3000656","400656","1","50656 ","9"
"3000670","400670","1","50670 ","9"
"3000685","400685","1","50685 ","9"
"3000714","400714","1","50714 ","9"
"3000721","400721","1","50721 ","9"
"3000722","400722","1","50722 ","9"
"3000734","400734","1","50734 ","9"
"3000743","400743","1","50743 ","9"
"3000744","400744","1","50744 ","9"
"3000758","400758","1","50758 ","9"
"3000759","400759","1","50759 ","9"
"3000770","400770","1","50770 ","9"
"3000783","400783","1","50783 ","9"
"3001880","400880","1","51880 ","9"
"3001881","400881","1","51881 ","9"
"3001883","400883","1","51883 ","9"
"3001886","400886","1","51886 ","9"
"3001895","400895","1","51895 ","9"
"3001897","400897","1","51897 ","9"
"3001915","400915","1","51915 ","9"
"3001918","400918","1","51918 ","9"
"3001920","400920","1","51920 ","9"
"3001921","400921","1","51921 ","9"
"3001924","400924","1","51924 ","9"
"3001931","400931","1","51931 ","9"
"3001954","400954","1","51954 ","9"
"3001962","400962","1","51962 ","9"
"3001967","400967","1","51967 ","9"
"3001969","400969","1","51969 ","9"
"3001970","400970","1","51970 ","9"
"3001972","400972","1","51972 ","9"
"3001976","400976","1","51976 ","9"
"3001298","400298","1","51298 ","9"
"3001315","400315","1","51315 ","9"
"3001316","400316","1","51316 ","9"
"3001321","400321","1","51321 ","9"
"3001324","400324","1","51324 ","9"
"3001328","400328","1","51328 ","9"
"3001336","400336","1","51336 ","9"
"3001343","400343","1","51343 ","9"
"3001350","400350","1","51350 ","9"
"3001359","400359","1","51359 ","9"
"3001368","400368","1","51368 ","9"
"3001376","400376","1","51376 ","9"
"3001381","400381","1","51381 ","9"
"3001383","400383","1","51383 ","9"
"3001397","400397","1","51397 ","9"
"3001402","400402","1","51402 ","9"
"3001411","400411","1","51411 ","9"
"3001431","400431","1","51431 ","9"
"3001433","400433","1","51433 ","9"
"3001436","400436","1","51436 ","9"
"3001440","400440","1","51440 ","9"
"3001445","400445","1","51445 ","9"
"3001446","400446","1","51446 ","9"
"3001452","400452","1","51452 ","9"
"3001456","400456","1","51456 ","9"
"3001460","400460","1","51460 ","9"
"3001477","400477","1","51477 ","9"
"3001479","400479","1","51479 ","9"
"3001494","400494","1","51494 ","9"
"3001503","400503","1","51503 ","9"
"3001511","400511","1","51511 ","9"
"3001515","400515","1","51515 ","9"
"3001517","400517","1","51517 ","9"
"3001528","400528","1","51528 ","9"
"3001532","400532","1","51532 ","9"
"3001535","400535","1","51535 ","9"
"3001537","400537","1","51537 ","9"
"3001538","400538","1","51538 ","9"
"3001571","400571","1","51571 ","9"
"3001577","400577","1","51577 ","9"
"3001585","400585","1","51585 ","9"
"3001599","400599","1","51599 ","9"
"3001602","400602","1","51602 ","9"
"3001607","400607","1","51607 ","9"
"3001623","400623","1","51623 ","9"
"3001624","400624","1","51624 ","9"
"3001626","400626","1","51626 ","9"
"3001628","400628","1","51628 ","9"
"3001642","400642","1","51642 ","9"
"3001643","400643","1","51643 ","9"
"3001645","400645","1","51645 ","9"
"3001663","400663","1","51663 ","9"
"3001667","400667","1","51667 ","9"
"3001669","400669","1","51669 ","9"
"3001675","400675","1","51675 ","9"
"3001701","400701","1","51701 ","9"
"3001711","400711","1","51711 ","9"
"3001715","400715","1","51715 ","9"
"3001725","400725","1","51725 ","9"
"3001728","400728","1","51728 ","9"
"3001733","400733","1","51733 ","9"
"3001736","400736","1","51736 ","9"
"3001744","400744","1","51744 ","9"
"3001746","400746","1","51746 ","9"
"3001747","400747","1","51747 ","9"
"3001749","400749","1","51749 ","9"
"3001755","400755","1","51755 ","9"
"3001760","400760","1","51760 ","9"
"3001762","400762","1","51762 ","9"
"3001769","400769","1","51769 ","9"
"3001770","400770","1","51770 ","9"
"3001774","400774","1","51774 ","9"
"3001782","400782","1","51782 ","9"
"3001785","400785","1","51785 ","9"
"3001792","400792","1","51792 ","9"
"3001794","400794","1","51794 ","9"
"3001803","400803","1","51803 ","9"
"3001821","400821","1","51821 ","9"
"3001829","400829","1","51829 ","9"
"3001834","400834","1","51834 ","9"
"3001859","400859","1","51859 ","9"
"3001862","400862","1","51862 ","9"
"3001865","400865","1","51865 ","9"
"3001871","400871","1","51871 ","9"
"3001985","400985","1","51985 ","9"
"3001996","400996","1","51996 ","9"
"3001997","400997","1","51997 ","9"
"3000118","400118","1","50118 ","9"
"3000130","400130","1","50130 ","9"
"3000139","400139","1","50139 ","9"
"3000143","400143","1","50143 ","9"
"3000144","400144","1","50144 ","9"
"3000148","400148","1","50148 ","9"
"3000160","400160","1","50160 ","9"
"3000169","400169","1","50169 ","9"
"3000183","400183","1","50183 ","9"
"3000185","400185","1","50185 ","9"
"3000187","400187","1","50187 ","9"
"3000188","400188","1","50188 ","9"
"3000189","400189","1","50189 ","9"
"3000193","400193","1","50193 ","9"
"3000397","400397","1","50397 ","9"
"3000399","400399","1","50399 ","9"
"3000405","400405","1","50405 ","9"
"3000408","400408","1","50408 ","9"
"3000411","400411","1","50411 ","9"
"3000414","400414","1","50414 ","9"
"3000417","400417","1","50417 ","9"
"3000424","400424","1","50424 ","9"
"3000432","400432","1","50432 ","9"
"3000441","400441","1","50441 ","9"
"3000442","400442","1","50442 ","9"
"3000445","400445","1","50445 ","9"
"3000456","400456","1","50456 ","9"
"3000463","400463","1","50463 ","9"
"3000490","400490","1","50490 ","9"
"3000198","400198","1","50198 ","9"
"3000204","400204","1","50204 ","9"
"3000207","400207","1","50207 ","9"
"3000208","400208","1","50208 ","9"
"3000219","400219","1","50219 ","9"
"3000222","400222","1","50222 ","9"
"3000230","400230","1","50230 ","9"
"3000241","400241","1","50241 ","9"
"3000246","400246","1","50246 ","9"
"3000276","400276","1","50276 ","9"
"3000285","400285","1","50285 ","9"
"3000295","400295","1","50295 ","9"
"3000305","400305","1","50305 ","9"
"3000320","400320","1","50320 ","9"
"3000327","400327","1","50327 ","9"
"3000331","400331","1","50331 ","9"
"3000334","400334","1","50334 ","9"
"3000340","400340","1","50340 ","9"
"3000343","400343","1","50343 ","9"
"3000344","400344","1","50344 ","9"
"3000353","400353","1","50353 ","9"
"3000356","400356","1","50356 ","9"
"3000361","400361","1","50361 ","9"
"3000362","400362","1","50362 ","9"
"3000364","400364","1","50364 ","9"
"3000368","400368","1","50368 ","9"
"3000369","400369","1","50369 ","9"
"3000378","400378","1","50378 ","9"
"3000013","400013","1","50013 ","9"
"3000021","400021","1","50021 ","9"
"3000033","400033","1","50033 ","9"
"3000044","400044","1","50044 ","9"
"3000051","400051","1","50051 ","9"
"3000062","400062","1","50062 ","9"
"3000064","400064","1","50064 ","9"
"3000074","400074","1","50074 ","9"
"3000075","400075","1","50075 ","9"
"3000086","400086","1","50086 ","9"
"3000087","400087","1","50087 ","9"
"3000089","400089","1","50089 ","9"
"3000795","400795","1","50795 ","9"
"3000798","400798","1","50798 ","9"
"3000805","400805","1","50805 ","9"
"3000810","400810","1","50810 ","9"
"3000812","400812","1","50812 ","9"
"3000823","400823","1","50823 ","9"
"3000825","400825","1","50825 ","9"
"3000830","400830","1","50830 ","9"
"3000832","400832","1","50832 ","9"
"3000843","400843","1","50843 ","9"
"3000845","400845","1","50845 ","9"
"3000851","400851","1","50851 ","9"
"3000874","400874","1","50874 ","9"
"3000887","400887","1","50887 ","9"
"3001198","400198","1","51198 ","9"
"3001202","400202","1","51202 ","9"
"3001206","400206","1","51206 ","9"
"3001208","400208","1","51208 ","9"
"3001220","400220","1","51220 ","9"
"3001223","400223","1","51223 ","9"
"3001229","400229","1","51229 ","9"
"3001230","400230","1","51230 ","9"
"3001234","400234","1","51234 ","9"
"3001277","400277","1","51277 ","9"
"3001278","400278","1","51278 ","9"
"3000889","400889","1","50889 ","9"
"3000899","400899","1","50899 ","9"
"3000906","400906","1","50906 ","9"
"3000908","400908","1","50908 ","9"
"3000922","400922","1","50922 ","9"
"3000923","400923","1","50923 ","9"
"3000941","400941","1","50941 ","9"
"3000943","400943","1","50943 ","9"
"3000944","400944","1","50944 ","9"
"3000952","400952","1","50952 ","9"
"3000956","400956","1","50956 ","9"
"3000973","400973","1","50973 ","9"
"3000975","400975","1","50975 ","9"
"3000976","400976","1","50976 ","9"
"3000977","400977","1","50977 ","9"
"3000981","400981","1","50981 ","9"
"3000982","400982","1","50982 ","9"
"3000990","400990","1","50990 ","9"
"3000991","400991","1","50991 ","9"
"3000999","400999","1","50999 ","9"
"3001005","400005","1","51005 ","9"
"3001026","400026","1","51026 ","9"
"3001035","400035","1","51035 ","9"
"3001042","400042","1","51042 ","9"
"3001066","400066","1","51066 ","9"
"3001077","400077","1","51077 ","9"
"3001089","400089","1","51089 ","9"
"3001093","400093","1","51093 ","9"
"3001097","400097","1","51097 ","9"
"3001106","400106","1","51106 ","9"
"3001111","400111","1","51111 ","9"
"3001113","400113","1","51113 ","9"
"3001114","400114","1","51114 ","9"
"3001116","400116","1","51116 ","9"
"3001122","400122","1","51122 ","9"
"3001132","400132","1","51132 ","9"
"3001146","400146","1","51146 ","9"
"3001160","400160","1","51160 ","9"
"3000492","400492","1","50492 ","9"
"3000501","400501","1","50501 ","9"
"3000508","400508","1","50508 ","9"
"3000522","400522","1","50522 ","9"
"3000523","400523","1","50523 ","9"
"3000537","400537","1","50537 ","9"
"3000541","400541","1","50541 ","9"
"3000555","400555","1","50555 ","9"
"3000562","400562","1","50562 ","9"
"3000575","400575","1","50575 ","9"
"3000577","400577","1","50577 ","9"
"3000584","400584","1","50584 ","9"
"3000587","400587","1","50587 ","9"
"3000592","400592","1","50592 ","9"
"3000606","400606","1","50606 ","9"
"3000617","400617","1","50617 ","9"
"3000619","400619","1","50619 ","9"
"3000628","400628","1","50628 ","9"
"3000629","400629","1","50629 ","9"
"3000635","400635","1","50635 ","9"
"3000639","400639","1","50639 ","9"
"3000650","400650","1","50650 ","9"
"3000655","400655","1","50655 ","9"
"3000671","400671","1","50671 ","9"
"3000672","400672","1","50672 ","9"
"3000675","400675","1","50675 ","9"
"3000678","400678","1","50678 ","9"
"3000681","400681","1","50681 ","9"
"3000684","400684","1","50684 ","9"
"3000688","400688","1","50688 ","9"
"3000699","400699","1","50699 ","9"
"3000705","400705","1","50705 ","9"
"3000717","400717","1","50717 ","9"
"3000719","400719","1","50719 ","9"
"3000724","400724","1","50724 ","9"
"3000725","400725","1","50725 ","9"
"3000727","400727","1","50727 ","9"
"3000728","400728","1","50728 ","9"
"3000735","400735","1","50735 ","9"
"3000737","400737","1","50737 ","9"
"3000746","400746","1","50746 ","9"
"3000757","400757","1","50757 ","9"
"3000765","400765","1","50765 ","9"
"3000766","400766","1","50766 ","9"
"3000768","400768","1","50768 ","9"
"3000769","400769","1","50769 ","9"
"3000779","400779","1","50779 ","9"
"3001878","400878","1","51878 ","9"
"3001891","400891","1","51891 ","9"
"3001893","400893","1","51893 ","9"
"3001904","400904","1","51904 ","9"
"3001914","400914","1","51914 ","9"
"3001935","400935","1","51935 ","9"
"3001938","400938","1","51938 ","9"
"3001943","400943","1","51943 ","9"
"3001946","400946","1","51946 ","9"
"3001947","400947","1","51947 ","9"
"3001951","400951","1","51951 ","9"
"3001955","400955","1","51955 ","9"
"3001961","400961","1","51961 ","9"
"3001292","400292","1","51292 ","9"
"3001302","400302","1","51302 ","9"
"3001305","400305","1","51305 ","9"
"3001314","400314","1","51314 ","9"
"3001318","400318","1","51318 ","9"
"3001325","400325","1","51325 ","9"
"3001329","400329","1","51329 ","9"
"3001337","400337","1","51337 ","9"
"3001352","400352","1","51352 ","9"
"3001353","400353","1","51353 ","9"
"3001362","400362","1","51362 ","9"
"3001364","400364","1","51364 ","9"
"3001367","400367","1","51367 ","9"
"3001372","400372","1","51372 ","9"
"3001392","400392","1","51392 ","9"
"3001407","400407","1","51407 ","9"
"3001417","400417","1","51417 ","9"
"3001421","400421","1","51421 ","9"
"3001422","400422","1","51422 ","9"
"3001426","400426","1","51426 ","9"
"3001432","400432","1","51432 ","9"
"3001442","400442","1","51442 ","9"
"3001448","400448","1","51448 ","9"
"3001458","400458","1","51458 ","9"
"3001466","400466","1","51466 ","9"
"3001468","400468","1","51468 ","9"
"3001472","400472","1","51472 ","9"
"3001473","400473","1","51473 ","9"
"3001482","400482","1","51482 ","9"
"3001493","400493","1","51493 ","9"
"3001501","400501","1","51501 ","9"
"3001502","400502","1","51502 ","9"
"3001508","400508","1","51508 ","9"
"3001534","400534","1","51534 ","9"
"3001549","400549","1","51549 ","9"
"3001562","400562","1","51562 ","9"
"3001563","400563","1","51563 ","9"
"3001564","400564","1","51564 ","9"
"3001569","400569","1","51569 ","9"
"3001579","400579","1","51579 ","9"
"3001595","400595","1","51595 ","9"
"3001604","400604","1","51604 ","9"
"3001613","400613","1","51613 ","9"
"3001615","400615","1","51615 ","9"
"3001618","400618","1","51618 ","9"
"3001640","400640","1","51640 ","9"
"3001654","400654","1","51654 ","9"
"3001659","400659","1","51659 ","9"
"3001660","400660","1","51660 ","9"
"3001677","400677","1","51677 ","9"
"3001678","400678","1","51678 ","9"
"3001716","400716","1","51716 ","9"
"3001718","400718","1","51718 ","9"
"3001720","400720","1","51720 ","9"
"3001723","400723","1","51723 ","9"
"3001734","400734","1","51734 ","9"
"3001753","400753","1","51753 ","9"
"3001757","400757","1","51757 ","9"
"3001758","400758","1","51758 ","9"
"3001761","400761","1","51761 ","9"
"3001773","400773","1","51773 ","9"
"3001786","400786","1","51786 ","9"
"3001787","400787","1","51787 ","9"
"3001793","400793","1","51793 ","9"
"3001802","400802","1","51802 ","9"
"3001805","400805","1","51805 ","9"
"3001807","400807","1","51807 ","9"
"3001811","400811","1","51811 ","9"
"3001817","400817","1","51817 ","9"
"3001830","400830","1","51830 ","9"
"3001835","400835","1","51835 ","9"
"3001839","400839","1","51839 ","9"
"3001845","400845","1","51845 ","9"
"3001876","400876","1","51876 ","9"
"3001991","400991","1","51991 ","9"
"3000102","400102","1","50102 ","9"
"3000108","400108","1","50108 ","9"
"3000111","400111","1","50111 ","9"
"3000127","400127","1","50127 ","9"
"3000132","400132","1","50132 ","9"
"3000134","400134","1","50134 ","9"
"3000141","400141","1","50141 ","9"
"3000159","400159","1","50159 ","9"
"3000164","400164","1","50164 ","9"
"3000176","400176","1","50176 ","9"
"3000186","400186","1","50186 ","9"
"3000190","400190","1","50190 ","9"
"3000194","400194","1","50194 ","9"
"3000407","400407","1","50407 ","9"
"3000410","400410","1","50410 ","9"
"3000415","400415","1","50415 ","9"
"3000451","400451","1","50451 ","9"
"3000455","400455","1","50455 ","9"
"3000457","400457","1","50457 ","9"
"3000487","400487","1","50487 ","9"
"3000202","400202","1","50202 ","9"
"3000206","400206","1","50206 ","9"
"3000209","400209","1","50209 ","9"
"3000217","400217","1","50217 ","9"
"3000231","400231","1","50231 ","9"
"3000240","400240","1","50240 ","9"
"3000249","400249","1","50249 ","9"
"3000255","400255","1","50255 ","9"
"3000257","400257","1","50257 ","9"
"3000269","400269","1","50269 ","9"
"3000289","400289","1","50289 ","9"
"3000297","400297","1","50297 ","9"
"3000306","400306","1","50306 ","9"
"3000316","400316","1","50316 ","9"
"3000326","400326","1","50326 ","9"
"3000333","400333","1","50333 ","9"
"3000358","400358","1","50358 ","9"
"3000359","400359","1","50359 ","9"
"3000375","400375","1","50375 ","9"
"3000382","400382","1","50382 ","9"
"3000391","400391","1","50391 ","9"
"3000392","400392","1","50392 ","9"
"3000393","400393","1","50393 ","9"
"3000005","400005","1","50005 ","9"
"3000007","400007","1","50007 ","9"
"3000010","400010","1","50010 ","9"
"3000012","400012","1","50012 ","9"
"3000018","400018","1","50018 ","9"
"3000031","400031","1","50031 ","9"
"3000068","400068","1","50068 ","9"
"3000082","400082","1","50082 ","9"
"3000092","400092","1","50092 ","9"
"3000793","400793","1","50793 ","9"
"3000796","400796","1","50796 ","9"
"3000820","400820","1","50820 ","9"
"3000822","400822","1","50822 ","9"
"3000831","400831","1","50831 ","9"
"3000846","400846","1","50846 ","9"
"3000855","400855","1","50855 ","9"
"3000856","400856","1","50856 ","9"
"3000884","400884","1","50884 ","9"
"3000886","400886","1","50886 ","9"
"3000888","400888","1","50888 ","9"
"3001187","400187","1","51187 ","9"
"3001189","400189","1","51189 ","9"
"3001213","400213","1","51213 ","9"
"3001218","400218","1","51218 ","9"
"3001221","400221","1","51221 ","9"
"3001224","400224","1","51224 ","9"
"3001250","400250","1","51250 ","9"
"3000891","400891","1","50891 ","9"
"3000893","400893","1","50893 ","9"
"3000903","400903","1","50903 ","9"
"3000913","400913","1","50913 ","9"
"3000919","400919","1","50919 ","9"
"3000921","400921","1","50921 ","9"
"3000926","400926","1","50926 ","9"
"3000940","400940","1","50940 ","9"
"3000942","400942","1","50942 ","9"
"3000949","400949","1","50949 ","9"
"3000961","400961","1","50961 ","9"
"3000962","400962","1","50962 ","9"
"3000964","400964","1","50964 ","9"
"3000966","400966","1","50966 ","9"
"3000971","400971","1","50971 ","9"
"3000984","400984","1","50984 ","9"
"3000987","400987","1","50987 ","9"
"3001003","400003","1","51003 ","9"
"3001013","400013","1","51013 ","9"
"3001020","400020","1","51020 ","9"
"3001023","400023","1","51023 ","9"
"3001045","400045","1","51045 ","9"
"3001046","400046","1","51046 ","9"
"3001047","400047","1","51047 ","9"
"3001055","400055","1","51055 ","9"
"3001062","400062","1","51062 ","9"
"3001071","400071","1","51071 ","9"
"3001072","400072","1","51072 ","9"
"3001074","400074","1","51074 ","9"
"3001084","400084","1","51084 ","9"
"3001109","400109","1","51109 ","9"
"3001118","400118","1","51118 ","9"
"3001119","400119","1","51119 ","9"
"3001130","400130","1","51130 ","9"
"3001143","400143","1","51143 ","9"
"3001151","400151","1","51151 ","9"
"3001175","400175","1","51175 ","9"
"3001179","400179","1","51179 ","9"
"3001181","400181","1","51181 ","9"
"3000494","400494","1","50494 ","9"
"3000498","400498","1","50498 ","9"
"3000503","400503","1","50503 ","9"
"3000507","400507","1","50507 ","9"
"3000511","400511","1","50511 ","9"
"3000513","400513","1","50513 ","9"
"3000527","400527","1","50527 ","9"
"3000536","400536","1","50536 ","9"
"3000545","400545","1","50545 ","9"
"3000552","400552","1","50552 ","9"
"3000557","400557","1","50557 ","9"
"3000599","400599","1","50599 ","9"
"3000600","400600","1","50600 ","9"
"3000602","400602","1","50602 ","9"
"3000605","400605","1","50605 ","9"
"3000614","400614","1","50614 ","9"
"3000620","400620","1","50620 ","9"
"3000636","400636","1","50636 ","9"
"3000637","400637","1","50637 ","9"
"3000649","400649","1","50649 ","9"
"3000654","400654","1","50654 ","9"
"3000658","400658","1","50658 ","9"
"3000664","400664","1","50664 ","9"
"3000668","400668","1","50668 ","9"
"3000677","400677","1","50677 ","9"
"3000680","400680","1","50680 ","9"
"3000693","400693","1","50693 ","9"
"3000697","400697","1","50697 ","9"
"3000701","400701","1","50701 ","9"
"3000716","400716","1","50716 ","9"
"3000726","400726","1","50726 ","9"
"3000740","400740","1","50740 ","9"
"3000742","400742","1","50742 ","9"
"3000752","400752","1","50752 ","9"
"3000755","400755","1","50755 ","9"
"3000760","400760","1","50760 ","9"
"3000763","400763","1","50763 ","9"
"3000776","400776","1","50776 ","9"
"3001888","400888","1","51888 ","9"
"3001907","400907","1","51907 ","9"
"3001910","400910","1","51910 ","9"
"3001913","400913","1","51913 ","9"
"3001919","400919","1","51919 ","9"
"3001923","400923","1","51923 ","9"
"3001930","400930","1","51930 ","9"
"3001948","400948","1","51948 ","9"
"3001949","400949","1","51949 ","9"
"3001953","400953","1","51953 ","9"
"3001956","400956","1","51956 ","9"
"3001957","400957","1","51957 ","9"
"3001960","400960","1","51960 ","9"
"3001975","400975","1","51975 ","9"
"3001288","400288","1","51288 ","9"
"3001294","400294","1","51294 ","9"
"3001297","400297","1","51297 ","9"
"3001306","400306","1","51306 ","9"
"3001307","400307","1","51307 ","9"
"3001330","400330","1","51330 ","9"
"3001340","400340","1","51340 ","9"
"3001345","400345","1","51345 ","9"
"3001358","400358","1","51358 ","9"
"3001379","400379","1","51379 ","9"
"3001380","400380","1","51380 ","9"
"3001386","400386","1","51386 ","9"
"3001388","400388","1","51388 ","9"
"3001400","400400","1","51400 ","9"
"3001404","400404","1","51404 ","9"
"3001409","400409","1","51409 ","9"
"3001413","400413","1","51413 ","9"
"3001415","400415","1","51415 ","9"
"3001467","400467","1","51467 ","9"
"3001486","400486","1","51486 ","9"
"3001488","400488","1","51488 ","9"
"3001498","400498","1","51498 ","9"
"3001500","400500","1","51500 ","9"
"3001504","400504","1","51504 ","9"
"3001513","400513","1","51513 ","9"
"3001522","400522","1","51522 ","9"
"3001529","400529","1","51529 ","9"
"3001530","400530","1","51530 ","9"
"3001540","400540","1","51540 ","9"
"3001544","400544","1","51544 ","9"
"3001551","400551","1","51551 ","9"
"3001552","400552","1","51552 ","9"
"3001557","400557","1","51557 ","9"
"3001558","400558","1","51558 ","9"
"3001575","400575","1","51575 ","9"
"3001588","400588","1","51588 ","9"
"3001592","400592","1","51592 ","9"
"3001594","400594","1","51594 ","9"
"3001598","400598","1","51598 ","9"
"3001608","400608","1","51608 ","9"
"3001614","400614","1","51614 ","9"
"3001619","400619","1","51619 ","9"
"3001620","400620","1","51620 ","9"
"3001631","400631","1","51631 ","9"
"3001636","400636","1","51636 ","9"
"3001646","400646","1","51646 ","9"
"3001648","400648","1","51648 ","9"
"3001649","400649","1","51649 ","9"
"3001658","400658","1","51658 ","9"
"3001665","400665","1","51665 ","9"
"3001673","400673","1","51673 ","9"
"3001679","400679","1","51679 ","9"
"3001682","400682","1","51682 ","9"
"3001694","400694","1","51694 ","9"
"3001697","400697","1","51697 ","9"
"3001699","400699","1","51699 ","9"
"3001710","400710","1","51710 ","9"
"3001722","400722","1","51722 ","9"
"3001724","400724","1","51724 ","9"
"3001730","400730","1","51730 ","9"
"3001739","400739","1","51739 ","9"
"3001752","400752","1","51752 ","9"
"3001754","400754","1","51754 ","9"
"3001756","400756","1","51756 ","9"
"3001766","400766","1","51766 ","9"
"3001771","400771","1","51771 ","9"
"3001778","400778","1","51778 ","9"
"3001781","400781","1","51781 ","9"
"3001788","400788","1","51788 ","9"
"3001795","400795","1","51795 ","9"
"3001812","400812","1","51812 ","9"
"3001820","400820","1","51820 ","9"
"3001824","400824","1","51824 ","9"
"3001832","400832","1","51832 ","9"
"3001842","400842","1","51842 ","9"
"3001846","400846","1","51846 ","9"
"3001849","400849","1","51849 ","9"
"3001850","400850","1","51850 ","9"
"3001855","400855","1","51855 ","9"
"3001858","400858","1","51858 ","9"
"3001866","400866","1","51866 ","9"
"3001873","400873","1","51873 ","9"
"3001980","400980","1","51980 ","9"
"3000100","400100","1","50100 ","9"
"3000104","400104","1","50104 ","9"
"3000112","400112","1","50112 ","9"
"3000145","400145","1","50145 ","9"
"3000156","400156","1","50156 ","9"
"3000161","400161","1","50161 ","9"
"3000162","400162","1","50162 ","9"
"3000166","400166","1","50166 ","9"
"3000175","400175","1","50175 ","9"
"3000394","400394","1","50394 ","9"
"3000398","400398","1","50398 ","9"
"3000426","400426","1","50426 ","9"
"3000428","400428","1","50428 ","9"
"3000430","400430","1","50430 ","9"
"3000454","400454","1","50454 ","9"
"3000465","400465","1","50465 ","9"
"3000476","400476","1","50476 ","9"
"3000480","400480","1","50480 ","9"
"3000484","400484","1","50484 ","9"
"3000489","400489","1","50489 ","9"
"3000199","400199","1","50199 ","9"
"3000223","400223","1","50223 ","9"
"3000227","400227","1","50227 ","9"
"3000233","400233","1","50233 ","9"
"3000235","400235","1","50235 ","9"
"3000236","400236","1","50236 ","9"
"3000239","400239","1","50239 ","9"
"3000247","400247","1","50247 ","9"
"3000252","400252","1","50252 ","9"
"3000261","400261","1","50261 ","9"
"3000271","400271","1","50271 ","9"
"3000287","400287","1","50287 ","9"
"3000291","400291","1","50291 ","9"
"3000299","400299","1","50299 ","9"
"3000310","400310","1","50310 ","9"
"3000311","400311","1","50311 ","9"
"3000321","400321","1","50321 ","9"
"3000323","400323","1","50323 ","9"
"3000329","400329","1","50329 ","9"
"3000332","400332","1","50332 ","9"
"3000338","400338","1","50338 ","9"
"3000349","400349","1","50349 ","9"
"3000357","400357","1","50357 ","9"
"3000370","400370","1","50370 ","9"
"3000381","400381","1","50381 ","9"
"3000003","400003","1","50003 ","9"
"3000008","400008","1","50008 ","9"
"3000023","400023","1","50023 ","9"
"3000032","400032","1","50032 ","9"
"3000034","400034","1","50034 ","9"
"3000048","400048","1","50048 ","9"
"3000049","400049","1","50049 ","9"
"3000053","400053","1","50053 ","9"
"3000054","400054","1","50054 ","9"
"3000059","400059","1","50059 ","9"
"3000094","400094","1","50094 ","9"
"3000791","400791","1","50791 ","9"
"3000809","400809","1","50809 ","9"
"3000827","400827","1","50827 ","9"
"3000836","400836","1","50836 ","9"
"3000841","400841","1","50841 ","9"
"3000842","400842","1","50842 ","9"
"3000848","400848","1","50848 ","9"
"3000859","400859","1","50859 ","9"
"3000870","400870","1","50870 ","9"
"3000878","400878","1","50878 ","9"
"3000883","400883","1","50883 ","9"
"3000885","400885","1","50885 ","9"
"3001190","400190","1","51190 ","9"
"3001203","400203","1","51203 ","9"
"3001227","400227","1","51227 ","9"
"3001239","400239","1","51239 ","9"
"3001257","400257","1","51257 ","9"
"3001273","400273","1","51273 ","9"
"3000895","400895","1","50895 ","9"
"3000909","400909","1","50909 ","9"
"3000934","400934","1","50934 ","9"
"3000974","400974","1","50974 ","9"
"3000995","400995","1","50995 ","9"
"3001002","400002","1","51002 ","9"
"3001006","400006","1","51006 ","9"
"3001008","400008","1","51008 ","9"
"3001015","400015","1","51015 ","9"
"3001017","400017","1","51017 ","9"
"3001019","400019","1","51019 ","9"
"3001024","400024","1","51024 ","9"
"3001034","400034","1","51034 ","9"
"3001040","400040","1","51040 ","9"
"3001059","400059","1","51059 ","9"
"3001060","400060","1","51060 ","9"
"3001069","400069","1","51069 ","9"
"3001075","400075","1","51075 ","9"
"3001076","400076","1","51076 ","9"
"3001082","400082","1","51082 ","9"
"3001088","400088","1","51088 ","9"
"3001096","400096","1","51096 ","9"
"3001108","400108","1","51108 ","9"
"3001137","400137","1","51137 ","9"
"3001141","400141","1","51141 ","9"
"3001144","400144","1","51144 ","9"
"3001153","400153","1","51153 ","9"
"3001159","400159","1","51159 ","9"
"3001174","400174","1","51174 ","9"
"3001182","400182","1","51182 ","9"
"3000502","400502","1","50502 ","9"
"3000504","400504","1","50504 ","9"
"3000535","400535","1","50535 ","9"
"3000549","400549","1","50549 ","9"
"3000558","400558","1","50558 ","9"
"3000560","400560","1","50560 ","9"
"3000561","400561","1","50561 ","9"
"3000565","400565","1","50565 ","9"
"3000571","400571","1","50571 ","9"
"3000572","400572","1","50572 ","9"
"3000573","400573","1","50573 ","9"
"3000574","400574","1","50574 ","9"
"3000576","400576","1","50576 ","9"
"3000623","400623","1","50623 ","9"
"3000626","400626","1","50626 ","9"
"3000631","400631","1","50631 ","9"
"3000632","400632","1","50632 ","9"
"3000647","400647","1","50647 ","9"
"3000661","400661","1","50661 ","9"
"3000665","400665","1","50665 ","9"
"3000666","400666","1","50666 ","9"
"3000669","400669","1","50669 ","9"
"3000689","400689","1","50689 ","9"
"3000696","400696","1","50696 ","9"
"3000698","400698","1","50698 ","9"
"3000704","400704","1","50704 ","9"
"3000707","400707","1","50707 ","9"
"3000711","400711","1","50711 ","9"
"3000720","400720","1","50720 ","9"
"3000733","400733","1","50733 ","9"
"3000741","400741","1","50741 ","9"
"3000748","400748","1","50748 ","9"
"3000749","400749","1","50749 ","9"
"3000750","400750","1","50750 ","9"
"3000764","400764","1","50764 ","9"
"3000767","400767","1","50767 ","9"
"3000778","400778","1","50778 ","9"
"3000780","400780","1","50780 ","9"
"3000784","400784","1","50784 ","9"
"3001887","400887","1","51887 ","9"
"3001892","400892","1","51892 ","9"
"3001900","400900","1","51900 ","9"
"3001902","400902","1","51902 ","9"
"3001916","400916","1","51916 ","9"
"3001922","400922","1","51922 ","9"
"3001939","400939","1","51939 ","9"
"3001940","400940","1","51940 ","9"
"3001942","400942","1","51942 ","9"
"3001944","400944","1","51944 ","9"
"3001965","400965","1","51965 ","9"
"3001974","400974","1","51974 ","9"
"3001285","400285","1","51285 ","9"
"3001289","400289","1","51289 ","9"
"3001299","400299","1","51299 ","9"
"3001304","400304","1","51304 ","9"
"3001322","400322","1","51322 ","9"
"3001341","400341","1","51341 ","9"
"3001360","400360","1","51360 ","9"
"3001370","400370","1","51370 ","9"
"3001384","400384","1","51384 ","9"
"3001385","400385","1","51385 ","9"
"3001387","400387","1","51387 ","9"
"3001394","400394","1","51394 ","9"
"3001438","400438","1","51438 ","9"
"3001441","400441","1","51441 ","9"
"3001450","400450","1","51450 ","9"
"3001451","400451","1","51451 ","9"
"3001453","400453","1","51453 ","9"
"3001455","400455","1","51455 ","9"
"3001475","400475","1","51475 ","9"
"3001483","400483","1","51483 ","9"
"3001484","400484","1","51484 ","9"
"3001492","400492","1","51492 ","9"
"3001514","400514","1","51514 ","9"
"3001519","400519","1","51519 ","9"
"3001521","400521","1","51521 ","9"
"3001523","400523","1","51523 ","9"
"3001525","400525","1","51525 ","9"
"3001527","400527","1","51527 ","9"
"3001547","400547","1","51547 ","9"
"3001559","400559","1","51559 ","9"
"3001565","400565","1","51565 ","9"
"3001570","400570","1","51570 ","9"
"3001580","400580","1","51580 ","9"
"3001589","400589","1","51589 ","9"
"3001600","400600","1","51600 ","9"
"3001611","400611","1","51611 ","9"
"3001622","400622","1","51622 ","9"
"3001627","400627","1","51627 ","9"
"3001630","400630","1","51630 ","9"
"3001634","400634","1","51634 ","9"
"3001652","400652","1","51652 ","9"
"3001657","400657","1","51657 ","9"
"3001668","400668","1","51668 ","9"
"3001676","400676","1","51676 ","9"
"3001680","400680","1","51680 ","9"
"3001686","400686","1","51686 ","9"
"3001690","400690","1","51690 ","9"
"3001702","400702","1","51702 ","9"
"3001705","400705","1","51705 ","9"
"3001708","400708","1","51708 ","9"
"3001721","400721","1","51721 ","9"
"3001738","400738","1","51738 ","9"
"3001741","400741","1","51741 ","9"
"3001743","400743","1","51743 ","9"
"3001748","400748","1","51748 ","9"
"3001777","400777","1","51777 ","9"
"3001780","400780","1","51780 ","9"
"3001784","400784","1","51784 ","9"
"3001789","400789","1","51789 ","9"
"3001790","400790","1","51790 ","9"
"3001800","400800","1","51800 ","9"
"3001823","400823","1","51823 ","9"
"3001831","400831","1","51831 ","9"
"3001840","400840","1","51840 ","9"
"3001851","400851","1","51851 ","9"
"3001853","400853","1","51853 ","9"
"3001857","400857","1","51857 ","9"
"3001860","400860","1","51860 ","9"
"3001981","400981","1","51981 ","9"
"3001982","400982","1","51982 ","9"
"3001986","400986","1","51986 ","9"
"3001988","400988","1","51988 ","9"
